accuracy,precision,recall,f1
0.9713004484304932,0.9915966386554622,0.7919463087248322,0.8805970149253731
