accuracy,precision,recall,f1
0.9829596412556054,0.9642857142857143,0.9060402684563759,0.9342560553633218
